playlist_title,video_id,title,views,likes,comments,published_at,duration,thumbnail
PODPAQUERA,Xu_LTnFCFhA,"1 MANDRAKA vs. 10 MANDRAKES ft. BRINO, MAUMAU & THAIZOCA",166943,9929,113,2024-12-08T23:09:26Z,PT1H3M30S,https://i.ytimg.com/vi/Xu_LTnFCFhA/hqdefault.jpg
PODPAQUERA,-rYdWF9Ky2U,"10 MULHERES vs MANOEL GOMES ft. BRINO, MAUMAU & THAIZOCA",1062298,61038,1044,2024-11-17T23:30:50Z,PT1H15M46S,https://i.ytimg.com/vi/-rYdWF9Ky2U/hqdefault.jpg
PODPAQUERA,Ek4hPjbv0zY,5 MULHERES + 5 HOMENS vs SOFIA SANTINO ft. DOARDA E CICLOPIN,1970713,140285,813,2024-11-03T22:56:48Z,PT52M55S,https://i.ytimg.com/vi/Ek4hPjbv0zY/hqdefault.jpg
PODPAQUERA,lE2JZYBnQUA,"10 MULHERES vs MC TUTO ft. MC JO√ÉOZINHO VT, MAUMAU, THAIZOCA & MITICO",1805552,87585,499,2024-10-20T23:26:19Z,PT54M35S,https://i.ytimg.com/vi/lE2JZYBnQUA/hqdefault.jpg
PODPAQUERA,w_eWmUgqHLU,"10 MULHERES vs MITICO ft. BRINO, MAUMAU & THAIZOCA",3144878,203185,1898,2024-09-28T02:40:44Z,PT1H34M25S,https://i.ytimg.com/vi/w_eWmUgqHLU/hqdefault.jpg
PODPAH EM PARIS,ptFxlxNo51M,ENTREVISTA COM ISAQUIAS QUEIROZ & DEFANTE NA MASSAGEM - PODPAH EM PARIS #18,461244,14792,18,2024-08-11T23:27:54Z,PT1H22M31S,https://i.ytimg.com/vi/ptFxlxNo51M/hqdefault.jpg
PODPAH EM PARIS,bWkDetzVinI,MOSTRANDO TUDO DA DISNEY DE PARIS - PODPAH EM PARIS #17,455676,14590,17,2024-08-10T23:18:36Z,PT1H3S,https://i.ytimg.com/vi/bWkDetzVinI/hqdefault.jpg
PODPAH EM PARIS,Tkr-Rvmctkw,TODA A REPERCUSS√ÉO DO OURO NO V√îLEI DE PRAIA - PODPAH EM PARIS #16,490697,18793,9,2024-08-09T23:17:27Z,PT1H3M35S,https://i.ytimg.com/vi/Tkr-Rvmctkw/hqdefault.jpg
PODPAH EM PARIS,YnoO6CICA0k,ENTREVISTA EXCLUSIVA COM HUGO CALDERANO - PODPAH EM PARIS #15,436612,13916,63,2024-08-08T23:32:31Z,PT1H18M23S,https://i.ytimg.com/vi/YnoO6CICA0k/hqdefault.jpg
PODPAH EM PARIS,EqoaLqM11RY,TODO MUNDO AMA A FLAVINHA - PODPAH EM PARIS #14,713880,28751,155,2024-08-07T23:37:39Z,PT1H27M19S,https://i.ytimg.com/vi/EqoaLqM11RY/hqdefault.jpg
PODPAH EM PARIS,AwNWJERUzN4,O FUTEBOL FEMININO EST√Å NA FINAL DA OLIMP√çADA - PODPAH EM PARIS #13,422957,15126,34,2024-08-06T23:19:52Z,PT1H17M16S,https://i.ytimg.com/vi/AwNWJERUzN4/hqdefault.jpg
PODPAH EM PARIS,523DAGXyJtM,BIA SOUZA FALA SOBRE OURO OL√çMPICO - PODPAH EM PARIS #12,450755,13830,75,2024-08-05T23:23:50Z,PT1H11M,https://i.ytimg.com/vi/523DAGXyJtM/hqdefault.jpg
PODPAH EM PARIS,RJ85-6sRzTk,PULAMOS CORDA NA RUA E AULA DE JUD√î AO VIVO COM MEDALISTA ft. LEO GON√áALVES - PODPAH EM PARIS #11,433861,17375,10,2024-08-04T23:20:25Z,PT1H10M31S,https://i.ytimg.com/vi/RJ85-6sRzTk/hqdefault.jpg
PODPAH EM PARIS,o2tdr5TIa-Q,FUTEBOL FEMININO BRILHANDO + REBECA ANDRADE RAINHA - PODPAH EM PARIS #10,456215,19363,22,2024-08-03T23:10:46Z,PT1H2M33S,https://i.ytimg.com/vi/o2tdr5TIa-Q/hqdefault.jpg
PODPAH EM PARIS,B4qE65p0igQ,TODOS OS DETALHES DO PRIMEIRO OURO DO BRASIL EM PARIS - PODPAH EM PARIS #09,450671,17075,29,2024-08-02T23:11:40Z,PT1H1M3S,https://i.ytimg.com/vi/B4qE65p0igQ/hqdefault.jpg
PODPAH EM PARIS,nN6Dg0Mcifs,JORGINHO √â ABSURDO NO SKATE TAMB√âM - PODPAH EM PARIS #08,572236,9686,23,2024-08-01T23:22:55Z,PT1H7M31S,https://i.ytimg.com/vi/nN6Dg0Mcifs/hqdefault.jpg
PODPAH EM PARIS,ab4FLsVP_ps,QUAL PA√çS TEM O MELHOR FUTEBOL? - PODPAH EM PARIS #07,449502,14181,14,2024-07-31T23:09:33Z,PT1H47S,https://i.ytimg.com/vi/ab4FLsVP_ps/hqdefault.jpg
PODPAH EM PARIS,wZG_2ka-h2M,O QUE T√Å ACONTECENDO EM PARIS? - PODPAH EM PARIS #06,450927,17906,24,2024-07-30T23:03:37Z,PT56M38S,https://i.ytimg.com/vi/wZG_2ka-h2M/hqdefault.jpg
PODPAH EM PARIS,Jlk26kYmXdE,EM BUSCA DA MONALISA ft. FRED BRUNO - PODPAH EM PARIS #05,102383,4776,15,2024-07-29T23:11:30Z,PT1H2M38S,https://i.ytimg.com/vi/Jlk26kYmXdE/hqdefault.jpg
PODPAH EM PARIS,brZ17-iIn7s,PODPAH EM PARIS - #04,202513,8081,23,2024-07-28T23:18:17Z,PT1H8M53S,https://i.ytimg.com/vi/brZ17-iIn7s/hqdefault.jpg
PODPAH EM PARIS,pfnOkgxQopg,PODPAH EM PARIS - #03,217481,8342,21,2024-07-27T23:12:21Z,PT1H3M23S,https://i.ytimg.com/vi/pfnOkgxQopg/hqdefault.jpg
PODPAH EM PARIS,1G6GIlkGCbQ,ABERTURA DOS JOGOS & ASSALTARAM O ZICO üò± - PODPAH EM PARIS - #02,236283,9774,31,2024-07-26T23:12:17Z,PT1H2M,https://i.ytimg.com/vi/1G6GIlkGCbQ/hqdefault.jpg
PODPAH EM PARIS,5Iir-DDNg9s,"F√ÅTIMA BERNARDES ENSINA COMO DAR O ""BOA NOITE"" PERFEITO - PODPAH EM PARIS - #01",316817,18523,54,2024-07-25T23:42:10Z,PT1H32M13S,https://i.ytimg.com/vi/5Iir-DDNg9s/hqdefault.jpg
QUERIDO DI√ÅRIO,S19DXb68yXQ,FIZEMOS UMA LIVE HIST√ìRICA NA BLACK FRIDAY - QUERIDO DI√ÅRIO com PRISCILA EVELLYN #22,15505,736,12,2024-12-05T15:43:01Z,PT39M21S,https://i.ytimg.com/vi/S19DXb68yXQ/hqdefault.jpg
QUERIDO DI√ÅRIO,RMyjFhFlbIc,FALEI A REAL SOBRE A NOVA HAMBURGUERIA DO PODPAH - QUERIDO DI√ÅRIO com PRISCILA EVELLYN #21,52153,2352,22,2024-11-28T15:53:50Z,PT49M6S,https://i.ytimg.com/vi/RMyjFhFlbIc/hqdefault.jpg
QUERIDO DI√ÅRIO,s4xbvq2r8u4,E ASSIM FOI MEU ENCONTRO COM O BRUNINHO - QUERIDO DI√ÅRIO com PRISCILA EVELLYN #20,37954,1741,30,2024-11-14T15:54:09Z,PT50M20S,https://i.ytimg.com/vi/s4xbvq2r8u4/hqdefault.jpg
QUERIDO DI√ÅRIO,sTg8aykRXYM,MC TUTO FALOU A REAL DA NOSSA TREND COM A M√öSICA DELE - QUERIDO DI√ÅRIO com PRISCILA EVELLYN #19,73070,3471,62,2024-11-07T15:53:59Z,PT50M30S,https://i.ytimg.com/vi/sTg8aykRXYM/hqdefault.jpg
QUERIDO DI√ÅRIO,n8fL2KXuRSY,PROVANDO OS MELHORES DRINKS DE S√ÉO PAULO - QUERIDO DI√ÅRIO com PRISCILA EVELLYN #18,46085,2320,56,2024-10-31T15:42:04Z,PT38M55S,https://i.ytimg.com/vi/n8fL2KXuRSY/hqdefault.jpg
QUERIDO DI√ÅRIO,qKHKcLGhF5E,VOC√ä N√ÉO VAI ACREDITAR NO QUE ACONTECEU NA PODPARTY - QUERIDO DI√ÅRIO com PRISCILA EVELLYN #17,88083,4311,85,2024-10-24T15:53:18Z,PT49M40S,https://i.ytimg.com/vi/qKHKcLGhF5E/hqdefault.jpg
QUERIDO DI√ÅRIO,8BSslpkGe8I,BAILE DE HALLOWEEN + UMA SALA DE CINEMA S√ì PRA MIM - QUERIDO DI√ÅRIO com PRISCILA EVELLYN #16,46894,2497,34,2024-10-17T15:55:42Z,PT52M26S,https://i.ytimg.com/vi/8BSslpkGe8I/hqdefault.jpg
QUERIDO DI√ÅRIO,SXix01G-ISM,TESTANDO FINALIZA√á√ïES POL√äMICAS NOS MEUS CACHOS - QUERIDO DI√ÅRIO com PRISCILA EVELLYN #15,40729,2290,35,2024-10-10T15:47:05Z,PT44M5S,https://i.ytimg.com/vi/SXix01G-ISM/hqdefault.jpg
QUERIDO DI√ÅRIO,5KRCnEybaME,ACERTANDO DETALHES PRO MELHOR BAILE DO BR - QUERIDO DI√ÅRIO com PRISCILA EVELLYN #14,48531,2471,44,2024-10-03T15:54:21Z,PT50M6S,https://i.ytimg.com/vi/5KRCnEybaME/hqdefault.jpg
QUERIDO DI√ÅRIO,QOgH5djunOA,ENCONTREI MEU CRUSH NO ROCK IN RIO - QUERIDO DI√ÅRIO com PRISCILA EVELLYN #13,56522,2764,34,2024-09-26T15:50:50Z,PT46M55S,https://i.ytimg.com/vi/QOgH5djunOA/hqdefault.jpg
QUERIDO DI√ÅRIO,k0jMubiOw0U,A EXPERI√äNCIA COMPLETA COM TRAVIS SCOTT - QUERIDO DI√ÅRIO com PRISCILA EVELLYN #12,50152,2777,57,2024-09-19T15:39:45Z,PT36M20S,https://i.ytimg.com/vi/k0jMubiOw0U/hqdefault.jpg
QUERIDO DI√ÅRIO,GY1FkB18W5c,FUI EM UM PROGRAMA DA CONCORR√äNCIA + THE WEEKND E ANITTA - QUERIDO DI√ÅRIO com PRISCILA EVELLYN #11,62932,3777,63,2024-09-12T15:49:08Z,PT45M15S,https://i.ytimg.com/vi/GY1FkB18W5c/hqdefault.jpg
QUERIDO DI√ÅRIO,thS-bmcKFzY,O QUE ACONTECE NA FESTA MAIS HYPADA DO PA√çS? - QUERIDO DI√ÅRIO com PRISCILA EVELLYN #10,74457,4234,69,2024-09-05T15:46:25Z,PT42M55S,https://i.ytimg.com/vi/thS-bmcKFzY/hqdefault.jpg
QUERIDO DI√ÅRIO,cBOsQPBWMEA,TOMEI ALGUMAS DECIS√ïES SOBRE ESSE REALITY - QUERIDO DI√ÅRIO com PRISCILA EVELLYN #09,64843,4026,57,2024-08-29T15:33:48Z,PT32M1S,https://i.ytimg.com/vi/cBOsQPBWMEA/hqdefault.jpg
QUERIDO DI√ÅRIO,yrNVt5yjycc,TUDO O QUE FIZ EM IBIZA SEM CENSURA - QUERIDO DI√ÅRIO com PRISCILA EVELLYN #08,125293,7651,118,2024-08-22T15:34:17Z,PT29M31S,https://i.ytimg.com/vi/yrNVt5yjycc/hqdefault.jpg
QUERIDO DI√ÅRIO,CbHDxUzVeW4,O QUE ACHEI DE PARIS - QUERIDO DI√ÅRIO com PRISCILA EVELLYN #07,108521,6216,87,2024-08-15T15:41:36Z,PT37M30S,https://i.ytimg.com/vi/CbHDxUzVeW4/hqdefault.jpg
QUERIDO DI√ÅRIO,LpcYR7xH9MI,FUI CONVIDADA PARA IR PRA PARIS - QUERIDO DI√ÅRIO com PRISCILA EVELLYN #06,108008,6601,84,2024-08-08T15:47:03Z,PT42M6S,https://i.ytimg.com/vi/LpcYR7xH9MI/hqdefault.jpg
QUERIDO DI√ÅRIO,zX9O4QrYACM,MINHA PRIMEIRA VEZ EM MIAMI - QUERIDO DI√ÅRIO com PRISCILA EVELLYN #05,184714,14133,305,2024-08-01T15:32:28Z,PT27M56S,https://i.ytimg.com/vi/zX9O4QrYACM/hqdefault.jpg
QUERIDO DI√ÅRIO,XYV-ODTqFrM,MINHAS MERECIDAS F√âRIAS EM UMA ILHA PARADIS√çACA - QUERIDO DI√ÅRIO com PRISCILA EVELLYN #04,188198,14042,238,2024-07-25T15:27:25Z,PT24M,https://i.ytimg.com/vi/XYV-ODTqFrM/hqdefault.jpg
QUERIDO DI√ÅRIO,7rE1wuF4Na8,MEU ANIVERS√ÅRIO VIROU UM BAILE FUNK! - QUERIDO DI√ÅRIO com PRISCILA EVELLYN #03,157784,12051,219,2024-07-18T15:29:52Z,PT26M46S,https://i.ytimg.com/vi/7rE1wuF4Na8/hqdefault.jpg
BATALHA DA ALDEIA,eA0J2yC42jM,BATALHA DA ALDEIA #399 - Super BDA,97762,5711,6,2024-12-10T02:24:13Z,PT3H11M41S,https://i.ytimg.com/vi/eA0J2yC42jM/hqdefault.jpg
BATALHA DA ALDEIA,qLaLY4A-KdQ,BATALHA DA ALDEIA #398 - Bate e Volta,135462,5643,32,2024-12-03T02:26:45Z,PT2H59M33S,https://i.ytimg.com/vi/qLaLY4A-KdQ/hqdefault.jpg
BATALHA DA ALDEIA,HXB-okb_Emk,BATALHA DA ALDEIA #397 - 45 Segundos,125446,5537,36,2024-11-26T02:01:51Z,PT2H36M15S,https://i.ytimg.com/vi/HXB-okb_Emk/hqdefault.jpg
BATALHA DA ALDEIA,B9nHeew5MlE,BATALHA DA ALDEIA #396 - Edi√ß√£o de Trap,178741,8873,50,2024-11-19T02:38:39Z,PT3H17M50S,https://i.ytimg.com/vi/B9nHeew5MlE/hqdefault.jpg
BATALHA DA ALDEIA,oUtFV-p7Ku0,BATALHA DA ALDEIA #395 - Formatos Especiais,239401,12962,132,2024-11-12T02:28:50Z,PT3H14M36S,https://i.ytimg.com/vi/oUtFV-p7Ku0/hqdefault.jpg
BATALHA DA ALDEIA,0hLI8XHbCXM,BATALHA DA ALDEIA #394 - Batalha de Duplas,242970,10791,77,2024-11-05T02:39:04Z,PT3H7M15S,https://i.ytimg.com/vi/0hLI8XHbCXM/hqdefault.jpg
BATALHA DA ALDEIA,PWtNXDElSrw,BATALHA DA ALDEIA #393 - Batalha Individual,191637,9777,68,2024-10-29T02:34:38Z,PT3H15M5S,https://i.ytimg.com/vi/PWtNXDElSrw/hqdefault.jpg
BATALHA DA ALDEIA,3V-XLgJ5JvI,BATALHA DA ALDEIA #392 - Batalha Individual,247271,11813,65,2024-10-22T02:21:55Z,PT3H9M10S,https://i.ytimg.com/vi/3V-XLgJ5JvI/hqdefault.jpg
BATALHA DA ALDEIA,8FeGbT5RZbk,BATALHA DA ALDEIA #391 - Batalha Individual,216287,13609,177,2024-10-15T02:24:17Z,PT3H4M1S,https://i.ytimg.com/vi/8FeGbT5RZbk/hqdefault.jpg
BATALHA DA ALDEIA,6KRfC_avzCQ,BATALHA DA ALDEIA #390 - Batalha Individual,329468,13716,113,2024-10-08T01:45:31Z,PT2H32M38S,https://i.ytimg.com/vi/6KRfC_avzCQ/hqdefault.jpg
BATALHA DA ALDEIA,dHjX7K35L9E,BATALHA DA ALDEIA #389 - Batalha Individual,259047,13446,82,2024-10-01T02:42:04Z,PT3H18M2S,https://i.ytimg.com/vi/dHjX7K35L9E/hqdefault.jpg
BATALHA DA ALDEIA,sEg4-Ca9GDY,BATALHA DA ALDEIA #388 - Batalha Individual,275618,13298,166,2024-09-24T02:32:56Z,PT3H25M35S,https://i.ytimg.com/vi/sEg4-Ca9GDY/hqdefault.jpg
BATALHA DA ALDEIA,Ea-Q9g077tI,BATALHA DA ALDEIA #387 - Batalha de Duplas,323149,16843,100,2024-09-17T02:44:46Z,PT3H32M30S,https://i.ytimg.com/vi/Ea-Q9g077tI/hqdefault.jpg
BATALHA DA ALDEIA,MaJD-IOnIvI,BATALHA DA ALDEIA #386 - Batalha Individual,294135,16007,144,2024-09-10T02:27:18Z,PT3H21M40S,https://i.ytimg.com/vi/MaJD-IOnIvI/hqdefault.jpg
BATALHA DA ALDEIA,2pi1zqo_WY8,BATALHA DA ALDEIA #385 - Batalha Individual,238964,13067,111,2024-09-03T02:07:40Z,PT2H54M40S,https://i.ytimg.com/vi/2pi1zqo_WY8/hqdefault.jpg
BATALHA DA ALDEIA,oLPXZaT7C5c,BATALHA DA ALDEIA #384 - Batalha Individual,185054,10364,122,2024-08-27T02:39:30Z,PT2H56M41S,https://i.ytimg.com/vi/oLPXZaT7C5c/hqdefault.jpg
BATALHA DA ALDEIA,NYFTsbhX2MA,BATALHA DA ALDEIA #383 - Batalha Individual,366231,21510,154,2024-08-20T03:25:05Z,PT2H53M39S,https://i.ytimg.com/vi/NYFTsbhX2MA/hqdefault.jpg
BATALHA DA ALDEIA,OTIrNUFV9XA,BATALHA DA ALDEIA #382 - Batalha Individual,237671,12140,81,2024-08-13T06:36:02Z,PT3H9M11S,https://i.ytimg.com/vi/OTIrNUFV9XA/hqdefault.jpg
BATALHA DA ALDEIA,aSqnYGlqbdw,BATALHA DA ALDEIA #381 - Batalha Individual,248729,13195,129,2024-08-06T02:48:14Z,PT3H11M11S,https://i.ytimg.com/vi/aSqnYGlqbdw/hqdefault.jpg
BATALHA DA ALDEIA,96jtc7mSxZQ,BATALHA DA ALDEIA - ESPECIAL 8 ANOS,3121213,154624,1349,2024-07-28T02:52:44Z,PT7H22M55S,https://i.ytimg.com/vi/96jtc7mSxZQ/hqdefault.jpg
PODPAH VISITA,83Q1BGeuK9o,PAULO ANDR√â MOSTRA TUDO DA SUA VIDA EM PORTUGAL - Podpah Visita #60,79696,3308,42,2024-11-27T15:55:40Z,PT51M16S,https://i.ytimg.com/vi/83Q1BGeuK9o/hqdefault.jpg
PODPAH VISITA,U4-U8bI8J5E,PEDRO SCOOBY MOSTRA COMO √â O GALP√ÉO DA REDBULL EM NAZAR√â - Podpah Visita #59,83442,3811,33,2024-11-20T15:43:03Z,PT40M15S,https://i.ytimg.com/vi/U4-U8bI8J5E/hqdefault.jpg
PODPAH VISITA,AnKgnucldL4,FIZEMOS UM TOUR PELO APARTAMENTO DE LUXO DA GABI BRANDT - Podpah Visita #58,199004,6774,48,2024-11-13T15:39:28Z,PT36M16S,https://i.ytimg.com/vi/AnKgnucldL4/hqdefault.jpg
PODPAH VISITA,otm-Ea7zCdA,COMO √â A MANS√ÉO DO ARTISTA MAIS OUVIDO DO BRASIL? - Podpah Visita #57,502525,18117,131,2024-11-06T15:45:29Z,PT41M56S,https://i.ytimg.com/vi/otm-Ea7zCdA/hqdefault.jpg
PODPAH VISITA,mClyrBzCrIQ,A VIDA DE WESLEY ALEM√ÉO EM UMA DAS COBERTURAS MAIS CARAS DE SP - Podpah Visita #56,765891,30515,231,2024-10-30T15:43:54Z,PT42M21S,https://i.ytimg.com/vi/mClyrBzCrIQ/hqdefault.jpg
PODPAH VISITA,oEEYdhu8T3U,O BEACH VENCEU: CONHE√áA A MANS√ÉO DE JORGINHO BEACH TENNIS - Podpah Visita #55,313962,12373,104,2024-10-23T16:05:31Z,PT1H3M11S,https://i.ytimg.com/vi/oEEYdhu8T3U/hqdefault.jpg
PODPAH VISITA,2GkUe3P3j8I,O QUE VOC√ä ENCONTRA NA MANS√ÉO DO GABRIEL O PENSADOR? üëÄ - Podpah Visita #54,160362,5133,63,2024-10-16T16:04:21Z,PT1H1M5S,https://i.ytimg.com/vi/2GkUe3P3j8I/hqdefault.jpg
PODPAH VISITA,bbQq8jGohdM,CONHECENDO A MANS√ÉO DA NOVA FASE DE MC CAROL - Podpah Visita #53,98961,2861,48,2024-10-09T16:16:56Z,PT45M15S,https://i.ytimg.com/vi/bbQq8jGohdM/hqdefault.jpg
PODPAH VISITA,1D84rmfN9Ww,PATR√çCIA RAMOS ABRE SUA MANS√ÉO E MOSTRA COLE√á√ÉO MILION√ÅRIA DE ROUPAS - Podpah Visita #52,110596,4056,35,2024-10-02T15:52:13Z,PT48M26S,https://i.ytimg.com/vi/1D84rmfN9Ww/hqdefault.jpg
PODPAH VISITA,VEGMNVco0h0,A INACREDIT√ÅVEL COBERTURA DE ABRAVANEL E SUA COLE√á√ÉO DO SILVIO SANTOS - Podpah Visita #51,64118,2302,19,2024-09-25T15:49:07Z,PT46M5S,https://i.ytimg.com/vi/VEGMNVco0h0/hqdefault.jpg
PODPAH VISITA,Jki9o7QWoGw,"FELIPE MASSA ABRE MANS√ÉO E RELEMBRA ACIDENTE: ‚ÄúFOR√áA DE UM TIRO DE AK-47"" - Podpah Visita #50",293161,11985,67,2024-09-18T16:09:01Z,PT1H2M5S,https://i.ytimg.com/vi/Jki9o7QWoGw/hqdefault.jpg
PODPAH VISITA,tmegzUT14J4,PK GASTA MAIS DE R$ 20 MILH√ïES EM NOVA MANS√ÉO - Podpah Visita #49,67299,2215,30,2024-09-11T15:46:04Z,PT41M30S,https://i.ytimg.com/vi/tmegzUT14J4/hqdefault.jpg
PODPAH VISITA,ZBwZMqiFeYk,O PODPAH AGORA TEM UM CARRO DE CORRIDA - Podpah Visita #48,33665,1715,16,2024-08-28T15:45:00Z,PT43M,https://i.ytimg.com/vi/ZBwZMqiFeYk/hqdefault.jpg
PODPAH VISITA,j7jXiltKzR0,BRUNINHO ABRE SUA NOVA MANS√ÉO E FALA SOBRE RELA√á√ÉO COM BERNARDINHO - Podpah Visita #47,131636,5304,40,2024-08-21T15:55:12Z,PT37M1S,https://i.ytimg.com/vi/j7jXiltKzR0/hqdefault.jpg
PODPAH VISITA,QzGBcLVyXiw,PUTERRIER MOSTRA TUDO DA CASA QUE MORA COM OS AV√ìS - Podpah Visita #46,66653,2854,47,2024-08-14T15:53:02Z,PT48M11S,https://i.ytimg.com/vi/QzGBcLVyXiw/hqdefault.jpg
PODPAH VISITA,2VHTqQfeKB4,"ANA CASTELA, RET, RYAN, XAM√É, OROCHI E MAIS NO POESIA AC√öSTICA - Podpah Visita #45",211493,8576,53,2024-08-07T15:49:17Z,PT44M6S,https://i.ytimg.com/vi/2VHTqQfeKB4/hqdefault.jpg
PODPAH VISITA,88Nu1FtgTNc,MC REBECCA ABRE TUDO DA SUA MANS√ÉO NO RJ - Podpah Visita #44,60376,1907,29,2024-07-31T15:42:52Z,PT39M45S,https://i.ytimg.com/vi/88Nu1FtgTNc/hqdefault.jpg
PODPAH VISITA,u2GBrOgYJZ0,CONHE√áA A MANS√ÉO MILION√ÅRIA DO MAUMAU - Podpah Visita #43,870310,32836,203,2024-07-24T15:52:16Z,PT48M31S,https://i.ytimg.com/vi/u2GBrOgYJZ0/hqdefault.jpg
PODPAH VISITA,QF0WVMdzPVE,MOSTRANDO TODA A ESTRUTURA MILION√ÅRIA DA CAZ√â TV - Podpah Visita #42,632853,30551,118,2024-07-17T15:57:40Z,PT54M15S,https://i.ytimg.com/vi/QF0WVMdzPVE/hqdefault.jpg
PODPAH VISITA,7ZbyNbpqky4,A SUPER CASA DE WEVERTON EM ALPHAVILLE - Podpah Visita #41,317667,12412,101,2024-07-10T15:36:50Z,PT35M,https://i.ytimg.com/vi/7ZbyNbpqky4/hqdefault.jpg
QUEBRADA F.C.,nQm94JdHd8M,GABIGOL DISSE TUDO NO PODPAH - QUEBRADA FC #87,171239,4985,10,2024-12-10T01:33:05Z,PT1H22M55S,https://i.ytimg.com/vi/nQm94JdHd8M/hqdefault.jpg
QUEBRADA F.C.,aZozfhH19aY,CORINTHIANS 3 x 0 BAHIA - P√ìS-JOGO - QUEBRADA FC #86,59666,3406,11,2024-12-04T02:33:22Z,PT1H12M5S,https://i.ytimg.com/vi/aZozfhH19aY/hqdefault.jpg
QUEBRADA F.C.,QTPHjILMXIY,PALMEIRAS 1 x 3 BOTAFOGO - P√ìS-JOGO - QUEBRADA FC #85,38046,1680,6,2024-11-27T03:53:11Z,PT1H12M35S,https://i.ytimg.com/vi/QTPHjILMXIY/hqdefault.jpg
QUEBRADA F.C.,4a8Eu7AuGcY,BAHIA 1 x 2 PALMEIRAS - P√ìS-JOGO - QUEBRADA FC #84,28072,1240,3,2024-11-21T00:23:04Z,PT1H13M16S,https://i.ytimg.com/vi/4a8Eu7AuGcY/hqdefault.jpg
QUEBRADA F.C.,4iES9mHqmzw,VENEZUELA 1 x 1 BRASIL - P√ìS-JOGO - QUEBRADA FC #83,35905,1538,9,2024-11-15T00:22:27Z,PT1H20M40S,https://i.ytimg.com/vi/4iES9mHqmzw/hqdefault.jpg
QUEBRADA F.C.,CEYaBBKlRac,CORINTHIANS 2 X 0 PALMEIRAS ft. MARCELINHO CARIOCA & JA√çLSON - P√ìS-JOGO - QUEBRADA FC #82,105188,5063,10,2024-11-05T02:32:31Z,PT1H21M5S,https://i.ytimg.com/vi/CEYaBBKlRac/hqdefault.jpg
QUEBRADA F.C.,Ik0bA_FjtcA,RACING-ARG 2 X 1 CORINTHIANS - P√ìS-JOGO - QUEBRADA FC #81,34120,1675,12,2024-11-01T03:51:25Z,PT1H10M25S,https://i.ytimg.com/vi/Ik0bA_FjtcA/hqdefault.jpg
QUEBRADA F.C.,aJ5O82O9mos,CORINTHIANS 5 X 2 ATHLETICO-PR - P√ìS-JOGO - QUEBRADA FC #79,106585,4821,8,2024-10-18T02:33:39Z,PT1H5M51S,https://i.ytimg.com/vi/aJ5O82O9mos/hqdefault.jpg
QUEBRADA F.C.,_8GF-ZIqDKw,CORINTHIANS 2 X 2 RACING - P√ìS-JOGO - QUEBRADA FC #80,35363,1651,9,2024-10-25T04:21:31Z,PT1H41M16S,https://i.ytimg.com/vi/_8GF-ZIqDKw/hqdefault.jpg
QUEBRADA F.C.,jRLjQeacvDs,CHILE 1 X 2 BRASIL - P√ìS-JOGO - QUEBRADA FC #78,33653,1485,6,2024-10-11T04:00:39Z,PT1H30M46S,https://i.ytimg.com/vi/jRLjQeacvDs/hqdefault.jpg
QUEBRADA F.C.,HDTmtXw0V2A,FLAMENGO 1 X 0 CORINTHIANS - P√ìS-JOGO - QUEBRADA FC #77,25651,1466,3,2024-10-03T04:20:18Z,PT1H23M46S,https://i.ytimg.com/vi/HDTmtXw0V2A/hqdefault.jpg
QUEBRADA F.C.,B_-02K5GAG0,CORINTHIANS 3 X 0 FORTALEZA - P√ìS-JOGO ft CRISTIAN  - QUEBRADA FC #76,68725,3687,12,2024-09-25T04:13:11Z,PT1H34M21S,https://i.ytimg.com/vi/B_-02K5GAG0/hqdefault.jpg
QUEBRADA F.C.,rdLhfS8xXP8,BOTAFOGO 0 X 0 S√ÉO PAULO - LIVE P√ìS-JOGO ft GABRIEL GUBELA  - QUEBRADA FC #75,26733,1605,8,2024-09-19T04:01:03Z,PT1H23M55S,https://i.ytimg.com/vi/rdLhfS8xXP8/hqdefault.jpg
QUEBRADA F.C.,LEMXzNuBySw,GALO PASSA E ELIMINA S√ÉO PAULO DA COPA DO BRASIL ft. RACHA - P√ìS-JOGO QUEBRADA FC #75,35591,2042,22,2024-09-13T04:25:25Z,PT1H21M16S,https://i.ytimg.com/vi/LEMXzNuBySw/hqdefault.jpg
QUEBRADA F.C.,7xobAEjNI_o,CORINTHIANS TEM CLASSIFICA√á√ÉO HEROICA EM ITAQUERA - P√ìS-JOGO + COLETIVA - QUEBRADA FC #74,86968,4696,10,2024-09-12T04:12:20Z,PT1H33M25S,https://i.ytimg.com/vi/7xobAEjNI_o/hqdefault.jpg
QUEBRADA F.C.,CiQqQ4tC9ks,S√ÉO PAULO 0 X 1 ATL√âTICO-MG - LIVE P√ìS JOGO + COLETIVA - QUEBRADA FC #73,27133,1503,10,2024-08-29T04:06:06Z,PT1H17M35S,https://i.ytimg.com/vi/CiQqQ4tC9ks/hqdefault.jpg
QUEBRADA F.C.,6wZL01qLZ8g,BOTAFOGO ELIMINA O PALMEIRAS DA LIBERTADORES ft. BRABO GORDINHO & MATHEUS - QUEBRADA FC #72,43016,2900,24,2024-08-22T03:55:58Z,PT1H8M21S,https://i.ytimg.com/vi/6wZL01qLZ8g/hqdefault.jpg
QUEBRADA F.C.,xvc0S5fgbBU,QUEM LEVA A BOLA DE OURO E CORINTHIANS VENDIDO? ft. LUCAS INUTILISMO E MC KEKEL - QUEBRADA FC #71,65057,3210,20,2024-07-15T21:30:16Z,PT2H3M56S,https://i.ytimg.com/vi/xvc0S5fgbBU/hqdefault.jpg
QUEBRADA F.C.,WXWwrhUg7Xc,"DUDU NO FLAMENGO, GABIGOL NO PALMEIRAS E BRASIL ELIMINADO ft. BIG MIKE E APOLLO - QUEBRADA FC #70",54207,3022,19,2024-07-08T21:23:44Z,PT2H9M25S,https://i.ytimg.com/vi/WXWwrhUg7Xc/hqdefault.jpg
QUEBRADA F.C.,beLe7gVCBUA,"JOGO DA VIDA PARA O CORINTHIANS, GABIGOL NO PALMEIRAS ft. BIRA E DANILO SOTO - QUEBRADA FC #69",31068,1664,24,2024-07-01T20:57:59Z,PT1H52M51S,https://i.ytimg.com/vi/beLe7gVCBUA/hqdefault.jpg
RANGO BRABO,aotzmxGzai8,AS HABILIDADES OCULTAS DE WESLEY ALEM√ÉO - Rango Brabo #101,368859,18192,152,2024-12-03T16:10:29Z,PT1H1M20S,https://i.ytimg.com/vi/aotzmxGzai8/hqdefault.jpg
RANGO BRABO,Smw_7UeXouc,O LAN√áAMENTO DO RANGO BRABO BURGER FOI UM PESADELO - Rango Brabo  #100,230912,12387,97,2024-11-26T15:56:52Z,PT52M8S,https://i.ytimg.com/vi/Smw_7UeXouc/hqdefault.jpg
RANGO BRABO,sXNwGIEHpmA,N√ìS SOMOS AQUELES CARAS E NO EPIS√ìDIO DE HOJE TRAUMATIZAMOS O CHICO (DE NOVO) #99,1321585,83747,472,2024-11-19T16:11:17Z,PT1H6M11S,https://i.ytimg.com/vi/sXNwGIEHpmA/hqdefault.jpg
RANGO BRABO,Da2OoLQJ96g,"WHINDERSSON, JAKE PAUL E MIKE TYSON SE PREPARAM PARA LUTA NO RANGO BRABO #98",798255,48300,248,2024-11-12T16:09:10Z,PT1H2M15S,https://i.ytimg.com/vi/Da2OoLQJ96g/hqdefault.jpg
RANGO BRABO,78patt0SeLA,DEFANTE CONHECE A M√ÉO DE PEDRA DE ALEX POATAN - Rango Brabo #97,448044,33845,499,2024-11-05T16:05:50Z,PT59M,https://i.ytimg.com/vi/78patt0SeLA/hqdefault.jpg
RANGO BRABO,QpPwkQfwc9k,THIAGO VENTURA E OS PALHA√áOS LOUCOS NO HALLOWEEN - Rango Brabo #96,632591,34473,385,2024-10-29T16:15:40Z,PT1H7M35S,https://i.ytimg.com/vi/QpPwkQfwc9k/hqdefault.jpg
RANGO BRABO,2K-S2SFwZ5c,PAULINHO O LOKO FAZ ARROZ MALUCO NO RANGO BRABO - Rango Brabo #95,386637,29596,284,2024-10-22T15:56:36Z,PT53M50S,https://i.ytimg.com/vi/2K-S2SFwZ5c/hqdefault.jpg
RANGO BRABO,h9bTXdkWFWc,NINGU√âM SE ENTENDEU NESSE EPIS√ìDIO - Rango Brabo #94,293901,22785,348,2024-10-15T15:55:31Z,PT51M51S,https://i.ytimg.com/vi/h9bTXdkWFWc/hqdefault.jpg
RANGO BRABO,t6lkinEQd7k,EM PRIMEIRA M√ÉO: DI FERRERO DO NXZERO SE DESENTENDE COM MEMPHIS DEPAY!!! - Rango Brabo #93,264284,17942,342,2024-10-08T15:57:31Z,PT54M35S,https://i.ytimg.com/vi/t6lkinEQd7k/hqdefault.jpg
RANGO BRABO,-V6NfmZ_b4s,BRINO DEIXA DEFANTE E PRODU√á√ÉO PASSANDO MAL COM SURPRESINHA - Rango Brabo #92,1448669,89831,1273,2024-10-01T16:17:08Z,PT1H11M35S,https://i.ytimg.com/vi/-V6NfmZ_b4s/hqdefault.jpg
RANGO BRABO,JjIdQvqmQkY,THIAGO SEM T CAUSA CONSTRANGIMENTO M√ÅXIMO NO RANGO BRABO - Rango Brabo #91,501374,32464,446,2024-09-24T15:58:40Z,PT54M11S,https://i.ytimg.com/vi/JjIdQvqmQkY/hqdefault.jpg
RANGO BRABO,tNp8eu0ebX0,CELA LOPES √â PERSONAGEM OU ODEIA POBRE MESMO? - Rango Brabo #90,393166,23586,268,2024-09-17T15:58:50Z,PT56M5S,https://i.ytimg.com/vi/tNp8eu0ebX0/hqdefault.jpg
RANGO BRABO,CcrCt7V55eE,2 REAIS OU UM PRESENTE MISTERIOSO DA MARTINA??? - Rango Brabo #89,551493,39898,291,2024-09-10T15:55:32Z,PT53M35S,https://i.ytimg.com/vi/CcrCt7V55eE/hqdefault.jpg
RANGO BRABO,YeoYA7m1KU8,LAURA BRITO MANDA RECADO DIRETO PARA EX - Rango Brabo #88,135864,8260,148,2024-09-03T16:00:52Z,PT55M51S,https://i.ytimg.com/vi/YeoYA7m1KU8/hqdefault.jpg
RANGO BRABO,2wcEXEPYhrA,SUPLA SALVA O ROCK BRASILEIRO ENQUANTO FAZ PIZZA - Rango Brabo #87,325531,22788,293,2024-08-27T15:56:10Z,PT55M26S,https://i.ytimg.com/vi/2wcEXEPYhrA/hqdefault.jpg
RANGO BRABO,GR3QLVn7pSg,O REENCONTRO DE DIOGO DEFANTE E CLARICE FALC√ÉO - Rango Brabo #86,248324,15113,186,2024-08-20T15:55:54Z,PT53M,https://i.ytimg.com/vi/GR3QLVn7pSg/hqdefault.jpg
RANGO BRABO,Scc_BQjjW5I,NABOTE E A BERINJELA EM FORMA DE XEREULA - Rango Brabo #85,501452,31179,246,2024-08-13T15:58:03Z,PT53M,https://i.ytimg.com/vi/Scc_BQjjW5I/hqdefault.jpg
RANGO BRABO,a_KruhHd_yo,MAUMAU FAZ BOLO DE COCO FITNESS - Rango Brabo #84,848860,46279,418,2024-08-06T16:07:23Z,PT1H2M35S,https://i.ytimg.com/vi/a_KruhHd_yo/hqdefault.jpg
RANGO BRABO,KxuYKYjFGvc,COZINHANDO BOBORGES DE CAMAR√ÉO - Rango Brabo #83,432919,23409,160,2024-07-30T15:49:42Z,PT40M41S,https://i.ytimg.com/vi/KxuYKYjFGvc/hqdefault.jpg
RANGO BRABO,wGc9cqQj2GI,TONINHO TORNADO AL√âM DO CALABRESO - Rango Brabo #82,377333,20427,173,2024-07-23T15:54:35Z,PT50M36S,https://i.ytimg.com/vi/wGc9cqQj2GI/hqdefault.jpg
